id;street_address;postal_code;city;state_province
1;Secured Program;Martin, program Guyana;West Barmanfort;Soft Dominik
2;installation International generating;Chief;Lake Baytaşburgh;Gold harness
3;neural;e-commerce Reverse-engineered Directives;South Atımerfort;Outdoors
4;pink;SCSI;East Arımouth;Fuerte Sports
5;17(E.U.A.-17) Frozen Adaları,;analyzer;St. Louis;extend help-desk Cambridgeshire
6;Exclusive cutting-edge;compelling Beauty;Atmacaton;Principal mobile
7;infomediaries Kore Licensed;Missouri JBOD;Dururbunsuzchester;Jewelery Bacon
8;Licensed Forward;connect Toys Assurance;East Arguland;blockchains
9;Refined Moldavya synthesize;digital withdrawal;Küçüklerbury;IB
10;Parks;utilisation Gardens;Warner Robins;Bhutanese extensible
